first_name,last_name,address,date_of_birth
Alice,Lee,90 Apple Valley,01/05/1954
Maurice,Jobs,79 Pear Lane,26/10/1936
Maurice,ZRecognisableLastName,52 Credit Close,01/04/1916
Tom,Brown,38 Strawberry Way,24/03/2019
ZRecognisableFirstName,Dell,95 Peach Blvd,23/07/1961
Michael,Gates,21 Credit Close,19/02/1952
Jen,Hendricks,76 Pear Lane,19/10/1976
Richmond,Hendricks,12 River Drive,27/05/1975
Bartholomew,Moss,89 Strawberry Way,25/09/2011
Douglas,Anderson,84 Main St,11/07/1973
Sally,Brown,51 Credit Close,26/06/1932
Bartholomew,Dell,91 Apple Valley,22/10/1985
Mary,Anderson,49 River Drive,20/11/1947
Steve,Bachman,84 Data Way,03/12/1960
Sarah,Hendricks,64 Main St,17/10/1942
Larry,Gates,96 Banana Road,03/06/2001
Erlich,Gates,43 Data Way,21/05/1994
Tom,Ma,57 Data Way,19/08/2009
Roy,Lee,39 Data Way,28/02/1933
Larry,Ma,89 Pear Lane,18/03/1919
Jane,Davis,12 Apple Valley,16/05/2020
Bob,Davis,34 Borrow Blvd,02/12/1964
Tom,Avenal,69 Latitude Lane,16/04/1923
Bob,Gosling,92 Parquet Ave,05/06/1949
Bartholomew,Davis,77 Strawberry Way,27/07/1902
Sally,Hendricks,73 Data Way,25/12/1981
Steve,Reyholm,82 River Drive,23/04/1959
Richmond,Gosling,22 Credit Close,14/12/1955
Denholm,ZRecognisableLastName,28 Orange Street,09/01/1929
Sarah,Brown,92 River Drive,16/06/1908
Mary,Jobs,88 Strawberry Way,24/02/1935
Roy,Reyholm,98 Parquet Ave,04/06/2006
Denholm,Reyholm,94 Blueberry Ave,05/07/1920
Steve,Dell,26 Peach Blvd,05/02/1942
Sally,Bachman,44 Latitude Lane,21/02/1963
Larry,Lee,32 Main St,25/05/1997
Alice,Moss,87 Blueberry Ave,22/08/1915
Denholm,Taylor,27 Apple Valley,18/04/1949
Michael,Jobs,76 Main St,24/09/1983
Edgar,Gosling,62 Strawberry Way,13/10/1966
Richmond,Scott,47 Parquet Ave,15/09/1905
Bob,Jones,51 Borrow Blvd,07/03/1906
Bartholomew,Jobs,59 Credit Close,15/10/1902
Denholm,Brown,19 Orange Street,12/11/1987
Jane,Reyholm,25 Borrow Blvd,23/01/1963
Bob,Ma,33 Parquet Ave,24/10/1955
Bob,Bachman,73 Banana Road,20/11/1907
Jian,Gosling,26 Parquet Ave,03/05/1975
Linus,Taylor,56 Borrow Blvd,14/02/1960
Mary,Barber,32 Data Way,13/10/1931
Steve,Gosling,86 Latitude Lane,22/09/1917
Sally,ZRecognisableLastName,94 Pear Lane,13/07/2000
Denholm,Yang,62 Orange Street,23/12/1949
Denholm,Taylor,88 Apple Valley,15/08/1993
Linus,Scott,94 Data Way,08/09/1967
Jian,Reyholm,62 Latitude Lane,24/05/1988
Douglas,Ma,78 ZRecognisable Address,08/10/2016
Bob,Reyholm,65 Banana Road,02/11/1924
Jen,Anderson,63 Apple Valley,18/09/1910
Roy,Ma,28 Borrow Blvd,08/09/1905
Douglas,Moore,56 Apple Valley,24/01/1903
Sally,Reyholm,29 Blueberry Ave,10/10/1962
Sarah,Hendricks,61 Credit Close,28/09/2017
Jane,Lee,72 Strawberry Way,22/05/1944
Bartholomew,Avenal,33 River Drive,15/01/1944
Bartholomew,Dell,75 Strawberry Way,25/04/1985
Alice,Moore,64 Data Way,24/07/1900
Richmond,ZRecognisableLastName,64 Credit Close,12/08/1946
Erlich,Avenal,24 Orange Street,05/03/1983
Tom,Lee,20 Data Way,15/05/1934
ZRecognisableFirstName,Barber,40 River Drive,10/01/1988
ZRecognisableFirstName,Brown,46 Parquet Ave,23/08/1944
Jen,Jobs,64 Pear Lane,27/02/1961
Denholm,Moore,50 ZRecognisable Address,04/09/1974
Steve,Davis,21 Pear Lane,16/07/2001
Alice,Lee,77 River Drive,23/08/1952
Linus,Moore,95 Apple Valley,15/01/1999
Michael,Dell,75 Blueberry Ave,26/12/1909
Steve,Davis,28 Apple Valley,16/06/1995
Douglas,Avenal,67 Banana Road,19/05/1935
Maurice,Barber,19 Apple Valley,26/12/1908
Sally,Moore,61 Main St,07/01/1950
Roy,Jones,87 River Drive,19/08/1913
Sally,Barber,46 Apple Valley,02/03/1977
Jane,Scott,70 Pear Lane,11/11/2012
Sarah,Jones,14 Peach Blvd,01/11/2015
Roy,Taylor,96 Banana Road,23/08/1927
Edgar,Jobs,50 Strawberry Way,11/05/1920
Jane,Hendricks,35 Data Way,04/02/1959
Sally,Moss,13 Blueberry Ave,13/11/1966
Jen,Avenal,75 Borrow Blvd,03/01/1974
Tom,ZRecognisableLastName,19 Credit Close,09/04/2012
Steve,Gates,55 Orange Street,19/01/1965
Tom,Bachman,17 Credit Close,26/03/1987
Edgar,Hendricks,31 Data Way,23/06/1924
Michael,Davis,96 River Drive,13/11/1943
Larry,Moss,28 Blueberry Ave,20/09/1944
ZRecognisableFirstName,Gates,19 Parquet Ave,11/12/1964
Bartholomew,Scott,66 Latitude Lane,27/04/1943
Bob,Scott,50 Strawberry Way,27/11/1963
